date,strategy_value,sp500_level,equal_weight_universe,holdings
2015-01-31,99783.69,3656.280029296875,1.0,100
2015-02-28,106464.12,3863.588671499767,1.066038259096705,100
2015-03-31,107079.23,3800.651663770757,1.0723181742732029,100
2015-04-30,105885.64,3835.8930531527863,1.0573943347883321,100
2015-05-31,105334.83,3882.493142164534,1.0705885938807407,100
2015-06-30,103582.13,3805.40667470842,1.0596716331393423,100
2015-07-31,102684.51,3883.7564077879283,1.049591066449917,100
2015-08-31,97052.62,3646.8154280000117,0.9842897987022082,100
2015-09-30,93082.76,3554.7210896758743,0.9252796284112904,99
2015-10-31,98406.99,3853.1155250023735,0.9885187059492859,100
2015-11-30,98744.47,3861.7182194375328,1.0038656703667765,100
2015-12-31,95545.14,3798.774429047595,0.9624734853528797,100
2016-01-31,91343.92,3608.9995984980364,0.8945888647266605,100
2016-02-29,92277.09,3601.1215748369345,0.9123230199034207,100
2016-03-31,98946.59,3843.4174986729026,0.9889804419040907,100
2016-04-30,99405.86,3856.9632130514306,1.0163139225993119,100
2016-05-31,99652.14,3923.1774222766553,1.0255130991691743,100
2016-06-30,100640.66,3931.3684433576645,1.0264904772190766,100
2016-07-31,105437.52,4074.8260906173896,1.0830593280082328,99
2016-08-31,105626.60,4077.342796433678,1.0906021823552021,99
2016-09-30,105085.55,4076.36620763698,1.1032374205588207,100
2016-10-31,102668.28,4000.5619036107264,1.052841962987087,100
2016-11-30,110058.55,4145.290042357311,1.1393968017300404,100
2016-12-31,110980.54,4225.277522199769,1.1459756299436108,100
2017-01-31,113181.57,4304.043641040394,1.1756919913240955,100
2017-02-28,116025.49,4471.70840634574,1.194265345031386,100
2017-03-31,115835.13,4474.832226968029,1.21106072666143,100
2017-04-30,117937.02,4519.207974981746,1.219679691415308,100
2017-05-31,118512.35,4579.42030738755,1.217612566845346,100
2017-06-30,119841.74,4606.042116828753,1.2453266185695377,100
2017-07-31,120737.86,4699.077766854253,1.2615533696744243,100
2017-08-31,118050.26,4709.920374933075,1.251907533684894,100
2017-09-30,124581.73,4805.203583614216,1.3247465538074386,100
2017-10-31,127880.49,4915.6788975323625,1.340846365849308,100
2017-11-30,134773.99,5062.625719313516,1.3928583241500103,100
2017-12-31,135870.03,5116.959399369776,1.397086929428158,100
2018-01-31,140207.15,5408.274327429714,1.4472352104105335,100
2018-02-28,135096.01,5205.554467397909,1.3897760106737618,100
2018-03-31,135112.83,5070.964004504917,1.394161089078806,100
2018-04-30,133812.40,5088.720539406927,1.403593716235388,100
2018-05-31,140080.83,5207.491650958796,1.4674835045078691,100
2018-06-30,141270.91,5237.491207318598,1.477281051435057,100
2018-07-31,144812.25,5430.528384812806,1.505774945370862,100
2018-08-31,152015.65,5603.695753638021,1.5724972486189936,100
2018-09-30,148055.34,5633.24256007013,1.5431823230856754,100
2018-10-31,133518.45,5246.430331873648,1.3886702365144417,100
2018-11-30,134797.59,5349.378230822003,1.4148926857132667,100
2018-12-31,120981.30,4863.997267196217,1.2577297321767158,100
2019-01-31,133351.79,5251.656416867115,1.4019429846169655,100
2019-02-28,138313.42,5416.530206459353,1.465595212374298,100
2019-03-31,136252.28,5519.3314757717935,1.4517530300368517,100
2019-04-30,141924.23,5740.858505772675,1.4977133171873398,100
2019-05-31,127499.93,5372.19812312869,1.3706204932038264,100
2019-06-30,138130.58,5748.320458605843,1.483263105839117,100
2019-07-31,139804.99,5828.7947723004445,1.4941836720669528,100
2019-08-31,135155.99,5732.523846374471,1.4108643440600206,100
2019-09-30,136680.85,5837.152872815329,1.4384464240973838,100
2019-10-31,140013.75,5961.4307697728245,1.4608816533010212,100
2019-11-30,143591.57,6173.797486660689,1.5289320602391627,100
2019-12-31,147271.16,6357.189606659707,1.5867323096159374,100
2020-01-31,143972.07,6352.339605315712,1.539621037646157,100
2020-02-29,130744.41,5826.008515096208,1.4103806932299563,99
2020-03-31,104408.49,5103.611239263358,1.1024627578639108,100
2020-04-30,122611.96,5755.79676291978,1.303812467905876,100
2020-05-31,130937.26,6025.880343160926,1.3911014955376917,100
2020-06-30,134544.81,6143.012919149778,1.432565325387986,100
2020-07-31,143070.25,6487.021837956331,1.4927140031465511,100
2020-08-31,149172.16,6949.775227604932,1.5720552795165832,100
2020-09-30,147920.22,6683.1373257784935,1.5276134545310665,100
2020-10-31,147242.82,6503.263278515262,1.5303652437145403,100
2020-11-30,169037.87,7211.392250644785,1.8374912548736133,100
2020-12-31,177764.05,7485.788885235294,1.973720377927332,100
2021-01-31,211685.45,7407.874004938775,2.146184838510391,100
2021-02-28,223294.21,7608.846750718401,2.2995668014140622,100
2021-03-31,236066.40,7938.983311332249,2.3468722667189557,100
2021-04-30,248151.39,8360.431507623121,2.4183566317452962,100
2021-05-31,252549.76,8415.065553823992,2.443269069717495,100
2021-06-30,254558.64,8608.66286075997,2.509045455544586,100
2021-07-31,254010.27,8810.55702947323,2.44377635303564,100
2021-08-31,260345.17,9074.707048542565,2.49251500009204,100
2021-09-30,254292.97,8649.762841638638,2.421897022302306,100
2021-10-31,264492.05,9253.39569440245,2.508800107970301,100
2021-11-30,264633.36,9185.380977675117,2.395459158247821,100
2021-12-31,275438.86,9593.720457442081,2.4564841048886277,100
2022-01-31,256970.93,9094.862878377304,2.213605148463561,100
2022-02-28,259845.61,8818.673214022165,2.2476907917280093,100
2022-03-31,261071.74,9142.521178623974,2.2665294971346017,100
2022-04-30,247319.48,8343.207738513584,2.0405717658946325,100
2022-05-31,258252.72,8354.051556215369,2.0434190979734916,100
2022-06-30,226671.22,7661.028446622082,1.835511363537202,100
2022-07-31,255400.90,8364.908635291598,2.0493976927529998,100
2022-08-31,244366.62,8019.613645699569,2.0020403436162737,100
2022-09-30,219132.17,7277.892867776877,1.781923267690126,100
2022-10-31,250635.80,7864.72341210611,1.962335340889503,100
2022-11-30,263331.81,8299.211440269479,2.0359534559744965,100
2022-12-31,244893.69,7817.677074918752,1.894659358647583,100
2023-01-31,267700.99,8306.358831091911,2.120941179692948,100
2023-02-28,259027.19,8099.417496988782,2.0516389293976482,100
2023-03-31,253553.60,8392.742010671487,1.9920531573115219,100
2023-04-30,252577.88,8521.30976500878,1.9541912320078623,100
2023-05-31,249641.86,8553.584453097226,1.9477909371027904,100
2023-06-30,274987.97,9115.307779680312,2.123834397561414,100
2023-07-31,286337.65,9405.437354029682,2.2257171509696705,100
2023-08-31,275411.80,9250.626785961946,2.1032825667234643,100
2023-09-30,264970.52,8806.684514551918,1.9598180297791925,100
2023-10-31,252708.71,8618.989712425675,1.8127386468215778,100
2023-11-30,274067.65,9400.575928917486,1.9707005963935527,100
2023-12-31,297854.85,9824.262173676714,2.1870024131958643,100
2024-01-31,293234.97,9986.672715720195,2.0906695291841646,100
2024-02-29,309710.17,10514.900905851086,2.2227899879484103,100
2024-03-31,321788.10,10849.568265987758,2.292529075151904,100
2024-04-30,303515.34,10403.910720301325,2.139612827339934,100
2024-05-31,321891.01,10914.909022124242,2.257764010412218,100
2024-06-30,312709.74,11302.586723185881,2.2007678685843235,100
2024-07-31,332014.66,11437.28106619427,2.3767538193502653,100
2024-08-31,326920.28,11709.829928590196,2.330685860846565,100
2024-09-30,335273.50,11955.841763454395,2.380945508006799,100
2024-10-31,328553.26,11844.453629128577,2.363574592833851,100
2024-11-30,363566.43,12534.757699428354,2.6111447377680785,100
2024-12-31,338233.16,12231.620789785933,2.444494465238659,100
2025-01-31,349477.98,12569.189232747522,2.5080825877822117,100
2025-02-28,330276.99,12400.687006338165,2.363105122837367,100
2025-03-31,313362.28,11697.513420400652,2.202671766942748,100
2025-04-30,306922.56,11615.227175187007,2.154602807191324,100
2025-05-31,325406.66,12341.397385253527,2.277900942155608,100
2025-06-30,337508.90,12964.375809171142,2.409266441738086,100
2025-07-31,344317.26,13252.312608714934,2.4696977382518117,100
2025-08-31,365967.63,13516.168559664367,2.6306587102167045,100
2025-09-30,373787.49,14004.738482236944,2.7270716052155892,100
