date,symbol,ticker,side,shares,price,value,reason
2015-01-31,CIK0000802481,PPC,buy,122.6521,27.1771,3333.33,rank 1 of 79
2015-01-31,CIK0000814547,FICO,buy,46.6714,71.4213,3333.33,rank 2 of 79
2015-01-31,CIK0000898173,ORLY,buy,266.5993,12.5032,3333.33,rank 3 of 79
2015-01-31,CIK0000097476,TXN,buy,62.3013,53.5035,3333.33,rank 4 of 79
2015-01-31,CIK0001374310,CBOE,buy,51.6520,64.5345,3333.33,rank 5 of 79
2015-01-31,CIK0000893538,SM,buy,88.0487,37.8578,3333.33,rank 6 of 79
2015-01-31,CIK0000937098,TNET,buy,100.3920,33.2032,3333.33,rank 7 of 79
2015-01-31,CIK0000067887,MOG-A,buy,47.3685,70.3703,3333.33,rank 8 of 79
2015-01-31,CIK0000827187,SNBRQ,buy,111.5953,29.8698,3333.33,rank 9 of 79
2015-01-31,CIK0001045810,NVDA,buy,6937.5071,0.4805,3333.33,rank 10 of 79
2015-01-31,CIK0001001250,EL,buy,47.1739,70.6606,3333.33,rank 11 of 79
2015-01-31,CIK0000785161,EHC,buy,94.9164,35.1186,3333.33,rank 12 of 79
2015-01-31,CIK0001000229,CLB,buy,35.9030,92.8427,3333.33,rank 13 of 79
2015-01-31,CIK0001047862,ED,buy,48.0659,69.3493,3333.33,rank 14 of 79
2015-01-31,CIK0001319947,DBI,buy,93.6446,35.5956,3333.33,rank 15 of 79
2015-01-31,CIK0000908937,SIRI,buy,93.8029,35.5355,3333.33,rank 16 of 79
2015-01-31,CIK0001520006,MTDR,buy,154.4528,21.5816,3333.33,rank 17 of 79
2015-01-31,CIK0001177702,SAIA,buy,79.0787,42.1521,3333.33,rank 18 of 79
2015-01-31,CIK0000042888,GGG,buy,140.2303,23.7704,3333.33,rank 19 of 79
2015-01-31,CIK0000045012,HAL,buy,83.2709,40.0300,3333.33,rank 20 of 79
2015-01-31,CIK0000728535,JBHT,buy,41.8290,79.6896,3333.33,rank 21 of 79
2015-01-31,CIK0000029989,OMC,buy,45.7418,72.8728,3333.33,rank 22 of 79
2015-01-31,CIK0001024795,HLIO,buy,91.8875,36.2762,3333.33,rank 23 of 79
2015-01-31,CIK0000037996,F,buy,226.3768,14.7247,3333.33,rank 24 of 79
2015-01-31,CIK0001398659,G,buy,165.9195,20.0901,3333.33,rank 25 of 79
2015-01-31,CIK0000726958,CASY,buy,36.4732,91.3913,3333.33,rank 26 of 79
2015-01-31,CIK0000940944,DRI,buy,60.6916,54.9224,3333.33,rank 27 of 79
2015-01-31,CIK0001364742,BLK,buy,9.7795,340.8505,3333.33,rank 28 of 79
2015-01-31,CIK0000078814,PBI,buy,138.8659,24.0040,3333.33,rank 29 of 79
2015-01-31,CIK0000072573,MOV,buy,138.5769,24.0540,3333.33,rank 30 of 79
2015-07-31,CIK0000045012,HAL,sell,83.2709,41.7482,3476.41,"fell to rank 70, outside the top 60"
2015-07-31,CIK0000880266,AGCO,buy,62.5743,55.0650,3445.65,rank 16 of 83
2015-08-31,CIK0001520006,MTDR,sell,154.4528,22.8871,3534.98,"fell to rank 63, outside the top 60"
2015-08-31,CIK0000043196,GTN,buy,284.4190,11.6016,3299.71,rank 18 of 83
2016-05-31,CIK0000043196,GTN,sell,284.4190,11.8082,3358.47,"fell to rank 63, outside the top 60"
2016-05-31,CIK0000108516,WOR,buy,157.9537,23.0563,3641.83,rank 3 of 87
2016-06-30,CIK0001024795,HLIO,sell,91.8875,29.6603,2725.41,"fell to rank 62, outside the top 60"
2016-06-30,CIK0000810136,PLAB,buy,408.2772,8.9189,3641.39,rank 8 of 87
2016-09-30,CIK0001000229,CLB,sell,35.9030,112.2177,4028.95,"fell to rank 61, outside the top 60"
2016-09-30,CIK0001386278,GDOT,buy,166.8077,23.0831,3850.43,rank 3 of 82
2016-11-30,CIK0001364742,BLK,sell,9.7795,370.4192,3622.50,"fell to rank 61, outside the top 60"
2016-11-30,CIK0001406587,FOR,buy,310.1881,13.4134,4160.68,rank 8 of 83
2016-12-31,CIK0001045810,NVDA,sell,6937.5071,2.6658,18494.22,"fell to rank 63, outside the top 60"
2016-12-31,CIK0000927653,MCK,buy,30.2356,140.5904,4250.84,rank 16 of 89
2017-01-31,CIK0001047862,ED,sell,48.0659,74.2756,3570.12,"fell to rank 65, outside the top 60"
2017-01-31,CIK0000014930,BC,buy,71.9542,59.9199,4311.49,rank 17 of 90
2017-02-28,CIK0000893538,SM,sell,88.0487,24.6253,2168.23,"fell to rank 69, outside the top 60"
2017-02-28,CIK0001644378,RMR,buy,83.4330,52.4524,4376.26,rank 1 of 88
2017-05-31,CIK0001374310,CBOE,sell,51.6520,86.2836,4456.72,"fell to rank 86, outside the top 60"
2017-05-31,CIK0000746838,UIS,buy,383.5466,11.8118,4530.38,rank 5 of 88
2017-07-31,CIK0001644378,RMR,sell,83.4330,48.8011,4071.63,left the eligible universe
2017-07-31,CIK0000768899,TBI,buy,186.0846,25.5755,4759.22,rank 6 of 87
2017-09-30,CIK0000746838,UIS,sell,383.5466,8.4915,3256.89,"fell to rank 68, outside the top 60"
2017-09-30,CIK0000043196,GTN,buy,307.8859,15.7157,4838.64,rank 9 of 90
2018-02-28,CIK0001406587,FOR,sell,310.1881,24.6753,7653.99,"fell to rank 72, outside the top 60"
2018-02-28,CIK0000043196,GTN,sell,307.8859,13.7862,4244.58,"fell to rank 62, outside the top 60"
2018-02-28,CIK0001644378,RMR,buy,85.3255,62.8628,5363.80,rank 2 of 100
2018-02-28,CIK0001045810,NVDA,buy,885.6923,6.0561,5363.80,rank 5 of 100
2018-03-31,CIK0000810136,PLAB,sell,408.2772,8.2417,3364.92,"fell to rank 67, outside the top 60"
2018-03-31,CIK0001058057,MRVL,buy,256.4595,21.0210,5391.04,rank 8 of 98
2018-05-31,CIK0000880266,AGCO,sell,62.5743,63.5364,3975.75,"fell to rank 72, outside the top 60"
2018-05-31,CIK0001283699,TMUS,buy,101.2626,55.7557,5645.97,rank 11 of 100
2018-07-31,CIK0000937098,TNET,sell,100.3920,53.7961,5400.70,"fell to rank 79, outside the top 60"
2018-07-31,CIK0000067887,MOG-A,sell,47.3685,74.9350,3549.56,"fell to rank 62, outside the top 60"
2018-07-31,CIK0000037996,F,sell,226.3768,10.0300,2270.55,"fell to rank 70, outside the top 60"
2018-07-31,CIK0001624794,CSW,buy,107.0264,54.3042,5811.99,rank 14 of 99
2018-07-31,CIK0000893538,SM,buy,211.0572,27.5375,5811.99,rank 16 of 99
2018-07-31,CIK0000746838,UIS,buy,451.8431,12.8629,5811.99,rank 17 of 99
2018-09-30,CIK0001058057,MRVL,sell,256.4595,19.2807,4944.72,"fell to rank 94, outside the top 60"
2018-09-30,CIK0001555280,ZTS,buy,67.4461,91.6516,6181.54,rank 11 of 99
2018-11-30,CIK0000802481,PPC,sell,122.6521,19.8202,2430.98,"fell to rank 64, outside the top 60"
2018-11-30,CIK0001627223,CC,buy,195.9595,28.5085,5586.51,rank 8 of 99
2019-02-28,CIK0000078814,PBI,sell,138.8659,7.1828,997.45,"fell to rank 66, outside the top 60"
2019-02-28,CIK0001699150,IR,buy,212.1680,26.8769,5702.41,rank 10 of 100
2019-03-31,CIK0001045810,NVDA,sell,885.6923,4.4845,3971.90,"fell to rank 66, outside the top 60"
2019-03-31,CIK0001283699,TMUS,sell,101.2626,69.0309,6990.25,"fell to rank 63, outside the top 60"
2019-03-31,CIK0001724965,TALO,buy,214.0113,26.5866,5689.82,rank 1 of 105
2019-03-31,CIK0001735707,GTX,buy,385.8886,14.7447,5689.82,rank 6 of 105
2019-08-31,CIK0001627223,CC,sell,195.9595,14.1558,2773.97,"fell to rank 65, outside the top 60"
2019-08-31,CIK0001724965,TALO,sell,214.0113,19.0210,4070.70,"fell to rank 70, outside the top 60"
2019-08-31,CIK0000833079,MTH,buy,166.8941,32.7027,5457.88,rank 2 of 103
2019-08-31,CIK0001395942,OPLN,buy,101.3043,26.5866,2693.33,rank 8 of 103
2019-10-31,CIK0001699150,IR,sell,212.1680,31.7982,6746.56,"fell to rank 61, outside the top 60"
2019-10-31,CIK0001735707,GTX,sell,385.8886,9.4905,3662.28,"fell to rank 65, outside the top 60"
2019-10-31,CIK0001088856,CORT,buy,383.1482,14.6046,5595.72,rank 5 of 105
2019-10-31,CIK0000880266,AGCO,buy,69.0694,76.7667,5302.23,rank 8 of 105
2020-02-29,CIK0000893538,SM,sell,211.0572,6.5634,1385.26,"fell to rank 72, outside the top 60"
2020-02-29,CIK0000746838,UIS,sell,451.8431,15.5145,7010.11,"fell to rank 76, outside the top 60"
2020-02-29,CIK0001232524,JAZZ,buy,47.3563,114.6946,5431.51,rank 4 of 111
2020-02-29,CIK0001596993,LPG,buy,311.4753,11.1311,3467.07,rank 5 of 111
2020-03-31,CIK0001398659,G,sell,165.9195,29.1708,4840.00,"fell to rank 66, outside the top 60"
2020-03-31,CIK0000072573,MOV,sell,138.5769,11.8082,1636.34,left the eligible universe
2020-03-31,CIK0000937098,TNET,buy,116.5199,37.6977,4392.53,rank 4 of 101
2020-03-31,CIK0001551182,ETN,buy,28.3272,77.7677,2202.94,rank 11 of 101
2020-05-31,CIK0001395942,OPLN,sell,101.3043,14.3357,1452.26,"fell to rank 62, outside the top 60"
2020-05-31,CIK0000023194,CRK,buy,312.3331,5.3654,1675.78,rank 10 of 112
2020-07-31,CIK0000940944,DRI,sell,60.6916,75.8241,4601.89,"fell to rank 70, outside the top 60"
2020-07-31,CIK0000810136,PLAB,buy,406.4089,11.8919,4832.97,rank 7 of 115
2020-08-31,CIK0000726958,CASY,sell,36.4732,177.6722,6480.27,"fell to rank 63, outside the top 60"
2020-08-31,CIK0000043196,GTN,buy,400.6571,15.5355,6224.42,rank 10 of 116
2020-09-30,CIK0000785161,EHC,sell,94.9164,51.6428,4901.75,"fell to rank 66, outside the top 60"
2020-09-30,CIK0001669779,CWH,buy,178.8745,29.7797,5326.84,rank 11 of 115
2020-11-30,CIK0001319947,DBI,sell,93.6446,7.8921,739.05,"fell to rank 61, outside the top 60"
2020-11-30,CIK0001644378,RMR,sell,85.3255,37.0030,3157.29,left the eligible universe
2020-11-30,CIK0000023194,CRK,sell,312.3331,4.8651,1519.54,"fell to rank 81, outside the top 60"
2020-11-30,CIK0001374310,CBOE,buy,62.2987,91.4113,5694.81,rank 10 of 120
2020-12-31,CIK0000067887,MOG-A,buy,2.9347,79.3793,232.95,rank 19 of 121
2021-01-31,CIK0001757715,ATER,buy,0.4384,276.5162,121.22,rank 16 of 127
2021-02-28,CIK0000042888,GGG,sell,140.2303,69.2806,9715.25,"fell to rank 63, outside the top 60"
2021-02-28,CIK0001386278,GDOT,sell,166.8077,47.2127,7875.45,"fell to rank 84, outside the top 60"
2021-02-28,CIK0001692787,KNTK,buy,298.7239,26.4965,7915.13,rank 6 of 125
2021-02-28,CIK0000026058,CTS,buy,245.7949,32.2022,7915.13,rank 23 of 125
2021-05-31,CIK0001624794,CSW,sell,107.0264,121.6982,13024.92,"fell to rank 90, outside the top 60"
2021-05-31,CIK0001088856,CORT,sell,383.1482,21.5784,8267.73,"fell to rank 62, outside the top 60"
2021-05-31,CIK0001757715,ATER,sell,0.4384,215.1846,94.33,"fell to rank 80, outside the top 60"
2021-05-31,CIK0001692787,KNTK,sell,298.7239,31.4585,9397.41,left the eligible universe
2021-05-31,CIK0000072573,MOV,buy,313.3637,27.7577,8698.26,rank 8 of 129
2021-05-31,CIK0000868857,ACM,buy,133.6652,65.0750,8698.26,rank 11 of 129
2021-05-31,CIK0001326200,GNK,buy,549.9730,15.8158,8698.26,rank 15 of 129
2021-05-31,CIK0001433660,JBTM,buy,53.6538,144.1740,7735.48,rank 19 of 129
2021-07-31,CIK0000833079,MTH,sell,166.8941,54.2357,9051.62,"fell to rank 79, outside the top 60"
2021-07-31,CIK0000078890,BCO,buy,114.3029,77.0370,8805.55,rank 16 of 125
2021-08-31,CIK0001232524,JAZZ,sell,47.3563,131.5783,6231.06,"fell to rank 97, outside the top 60"
2021-08-31,CIK0001005210,SPH,buy,479.8375,15.2452,7315.23,rank 4 of 128
2021-10-31,CIK0000108516,WOR,sell,157.9537,33.4560,5284.50,"fell to rank 77, outside the top 60"
2021-10-31,CIK0001555280,ZTS,sell,67.4461,215.9838,14567.26,"fell to rank 61, outside the top 60"
2021-10-31,CIK0001551182,ETN,sell,28.3272,164.5952,4662.51,"fell to rank 62, outside the top 60"
2021-10-31,CIK0001593899,AVIR,buy,762.0109,11.6516,8878.68,rank 3 of 125
2021-10-31,CIK0001520006,MTDR,buy,211.9428,41.8918,8878.68,rank 4 of 125
2021-10-31,CIK0000928658,CVLG,buy,500.6581,14.2142,7116.45,rank 9 of 125
2022-02-28,CIK0000937098,TNET,sell,116.5199,87.2227,10163.18,"fell to rank 101, outside the top 60"
2022-02-28,CIK0001593899,AVIR,sell,762.0109,6.3337,4826.32,"fell to rank 91, outside the top 60"
2022-02-28,CIK0001163165,COP,buy,93.0160,94.9549,8832.32,rank 3 of 131
2022-02-28,CIK0000023194,CRK,buy,930.9676,8.3083,7734.76,rank 11 of 131
2022-03-31,CIK0000768899,TBI,sell,186.0846,28.8611,5370.61,"fell to rank 64, outside the top 60"
2022-03-31,CIK0001433660,JBTM,sell,53.6538,118.3515,6350.01,"fell to rank 63, outside the top 60"
2022-03-31,CIK0001088856,CORT,buy,398.5584,22.5425,8984.51,rank 9 of 133
2022-03-31,CIK0000813298,DXLG,buy,685.7746,4.8849,3349.93,rank 10 of 133
2022-05-31,CIK0000043196,GTN,sell,400.6571,19.7003,7893.06,"fell to rank 62, outside the top 60"
2022-05-31,CIK0000937098,TNET,buy,113.9584,78.6185,8959.24,rank 4 of 136
2022-06-30,CIK0000813298,DXLG,sell,685.7746,3.3866,2322.45,left the eligible universe
2022-06-30,CIK0001856485,SLVM,buy,110.8252,32.7127,3625.39,rank 8 of 133
2022-07-31,CIK0001374310,CBOE,sell,62.2987,123.2566,7678.73,"fell to rank 69, outside the top 60"
2022-07-31,CIK0001698991,ACEL,buy,643.6705,12.0721,7770.43,rank 7 of 137
2022-08-31,CIK0000880266,AGCO,sell,69.0694,108.6013,7501.03,"fell to rank 77, outside the top 60"
2022-08-31,CIK0001724965,TALO,buy,407.4980,20.7507,8455.88,rank 2 of 137
2022-11-30,CIK0001001250,EL,sell,47.1739,235.5542,11112.00,"fell to rank 71, outside the top 60"
2022-11-30,CIK0000893538,SM,buy,223.2695,43.1531,9634.77,rank 2 of 133
2023-01-31,CIK0001698991,ACEL,sell,643.6705,9.2108,5928.71,left the eligible universe
2023-01-31,CIK0000813298,DXLG,buy,1339.3798,7.1371,9559.33,rank 5 of 134
2023-02-28,CIK0000827187,SNBRQ,sell,111.5953,39.8201,4443.74,"fell to rank 81, outside the top 60"
2023-02-28,CIK0000029989,OMC,sell,45.7418,90.4794,4138.69,"fell to rank 61, outside the top 60"
2023-02-28,CIK0000067887,MOG-A,sell,2.9347,98.5214,289.13,"fell to rank 82, outside the top 60"
2023-02-28,CIK0001326200,GNK,sell,549.9730,19.0309,10466.51,"fell to rank 67, outside the top 60"
2023-02-28,CIK0000768899,TBI,buy,497.2956,18.7187,9308.73,rank 8 of 133
2023-02-28,CIK0001627223,CC,buy,272.0722,34.2142,9308.73,rank 13 of 133
2023-02-28,CIK0001386278,GDOT,buy,88.8871,18.9489,1684.32,rank 17 of 133
2023-03-31,CIK0001319947,DBI,buy,23.4290,8.7487,204.97,rank 10 of 134
2023-04-30,CIK0000937098,TNET,sell,113.9584,92.6872,10562.48,"fell to rank 67, outside the top 60"
2023-04-30,CIK0000813298,DXLG,sell,1339.3798,4.3856,5874.00,left the eligible universe
2023-04-30,CIK0001888447,EE,buy,422.9365,21.5215,9102.23,rank 12 of 132
2023-04-30,CIK0001232524,JAZZ,buy,55.7750,140.6105,7842.55,rank 14 of 132
2023-05-31,CIK0001005210,SPH,sell,479.8375,15.2547,7319.79,left the eligible universe
2023-05-31,CIK0001088856,CORT,sell,398.5584,23.4665,9352.78,"fell to rank 62, outside the top 60"
2023-05-31,CIK0001724965,TALO,sell,407.4980,12.2977,5011.28,"fell to rank 73, outside the top 60"
2023-05-31,CIK0001698991,ACEL,buy,975.8212,9.3393,9113.52,rank 9 of 130
2023-05-31,CIK0000043196,GTN,buy,1295.0799,7.0370,9113.52,rank 10 of 130
2023-05-31,CIK0001624794,CSW,buy,30.9176,141.8617,4386.02,rank 19 of 130
2023-07-31,CIK0000097476,TXN,sell,62.3013,179.8200,11203.02,"fell to rank 84, outside the top 60"
2023-07-31,CIK0001627223,CC,sell,272.0722,36.9430,10051.17,"fell to rank 71, outside the top 60"
2023-07-31,CIK0000813298,DXLG,buy,2095.8058,5.1652,10825.17,rank 5 of 135
2023-07-31,CIK0000937098,TNET,buy,102.7688,105.3352,10825.17,rank 17 of 135
2023-08-31,CIK0000868857,ACM,sell,133.6652,87.6623,11717.39,"fell to rank 66, outside the top 60"
2023-08-31,CIK0001888447,EE,sell,422.9365,18.5814,7858.75,"fell to rank 67, outside the top 60"
2023-08-31,CIK0000813298,DXLG,sell,2095.8058,4.5554,9547.32,left the eligible universe
2023-08-31,CIK0001609804,OEC,buy,473.2767,22.6426,10716.22,rank 2 of 135
2023-08-31,CIK0001644378,RMR,buy,423.4778,25.3053,10716.22,rank 7 of 135
2023-08-31,CIK0001751008,APP,buy,197.6370,43.2632,8550.41,rank 10 of 135
2023-10-31,CIK0001520006,MTDR,sell,211.9428,61.6283,13061.68,"fell to rank 67, outside the top 60"
2023-10-31,CIK0001644378,RMR,sell,423.4778,22.4975,9527.18,left the eligible universe
2023-10-31,CIK0001283699,TMUS,buy,68.3089,144.0039,9836.75,rank 11 of 128
2023-10-31,CIK0001088856,CORT,buy,349.9617,28.1081,9836.75,rank 21 of 128
2023-11-30,CIK0001669779,CWH,sell,178.8745,21.1189,3777.63,left the eligible universe
2023-11-30,CIK0000928658,CVLG,sell,500.6581,21.2637,10645.85,"fell to rank 62, outside the top 60"
2023-11-30,CIK0001386278,GDOT,sell,88.8871,8.0120,712.16,"fell to rank 81, outside the top 60"
2023-11-30,CIK0000912766,LAUR,buy,817.0385,13.1431,10738.44,rank 6 of 127
2023-11-30,CIK0001718512,GTES,buy,726.1820,12.2723,8911.89,rank 13 of 127
2023-12-31,CIK0001888447,EE,buy,15.0596,15.4755,233.05,rank 17 of 130
2024-01-31,CIK0000043196,GTN,sell,1295.0799,9.5405,12355.65,"fell to rank 63, outside the top 60"
2024-01-31,CIK0001644378,RMR,buy,431.4884,26.1161,11268.79,rank 8 of 132
2024-02-29,CIK0000023194,CRK,sell,930.9676,8.5415,7951.81,"fell to rank 67, outside the top 60"
2024-02-29,CIK0000768899,TBI,sell,497.2956,11.7383,5837.38,"fell to rank 65, outside the top 60"
2024-02-29,CIK0001888447,EE,sell,15.0596,15.6843,236.20,"fell to rank 71, outside the top 60"
2024-02-29,CIK0001735707,GTX,buy,1267.9877,9.6296,12210.24,rank 8 of 131
2024-02-29,CIK0001736946,ARLO,buy,344.4628,10.4204,3589.44,rank 14 of 131
2024-03-31,CIK0000899460,MNKD,buy,10.2843,4.5345,46.63,rank 11 of 137
2024-06-30,CIK0001177702,SAIA,sell,79.0787,473.8157,37468.72,"fell to rank 64, outside the top 60"
2024-06-30,CIK0001045810,NVDA,buy,101.2747,123.6635,12523.98,rank 4 of 137
2024-07-31,CIK0000937098,TNET,sell,102.7688,104.1458,10702.93,"fell to rank 65, outside the top 60"
2024-07-31,CIK0001088856,CORT,sell,349.9617,38.6313,13519.48,"fell to rank 62, outside the top 60"
2024-07-31,CIK0001687187,METC,buy,999.1434,13.2927,13281.33,rank 6 of 143
2024-07-31,CIK0001398659,G,buy,382.6957,34.7047,13281.33,rank 16 of 143
2024-08-31,CIK0001609804,OEC,sell,473.2767,18.6313,8817.78,"fell to rank 62, outside the top 60"
2024-08-31,CIK0001888447,EE,buy,737.2013,18.2482,13452.62,rank 1 of 140
2024-09-30,CIK0000908937,SIRI,sell,93.8029,23.6263,2216.22,"fell to rank 65, outside the top 60"
2024-09-30,CIK0001319947,DBI,sell,23.4290,7.3726,172.73,"fell to rank 83, outside the top 60"
2024-09-30,CIK0001374310,CBOE,buy,68.0950,205.0749,13964.56,rank 7 of 140
2024-09-30,CIK0001582961,DOCN,buy,248.7775,40.4304,10058.17,rank 9 of 140
2024-10-31,CIK0001596993,LPG,sell,311.4753,28.8212,8977.08,"fell to rank 85, outside the top 60"
2024-10-31,CIK0000072573,MOV,sell,313.3637,18.4515,5782.04,"fell to rank 62, outside the top 60"
2024-10-31,CIK0001698991,ACEL,sell,975.8212,11.0290,10762.29,left the eligible universe
2024-10-31,CIK0001624794,CSW,sell,30.9176,352.7469,10906.08,"fell to rank 63, outside the top 60"
2024-10-31,CIK0001644378,RMR,sell,431.4884,24.0459,10375.54,left the eligible universe
2024-10-31,CIK0000802481,PPC,buy,293.6060,48.4884,14236.50,rank 9 of 137
2024-10-31,CIK0000746838,UIS,buy,2058.2166,6.9169,14236.50,rank 16 of 137
2024-10-31,CIK0001395942,OPLN,buy,900.1441,15.8158,14236.50,rank 18 of 137
2024-10-31,CIK0000907242,MCRI,buy,55.8561,78.5885,4389.65,rank 21 of 137
2024-11-30,CIK0001698991,ACEL,buy,27.0090,11.5716,312.54,rank 4 of 140
2025-02-28,CIK0001163165,COP,sell,93.0160,99.0509,9213.31,"fell to rank 104, outside the top 60"
2025-02-28,CIK0001736946,ARLO,sell,344.4628,14.3656,4948.42,"fell to rank 69, outside the top 60"
2025-02-28,CIK0001582961,DOCN,sell,248.7775,42.8071,10649.46,"fell to rank 66, outside the top 60"
2025-02-28,CIK0000746838,UIS,sell,2058.2166,4.3057,8862.04,left the eligible universe
2025-02-28,CIK0000785161,EHC,buy,158.9519,100.2401,15933.36,rank 13 of 140
2025-02-28,CIK0001377630,NCMI,buy,2379.2896,6.6967,15933.36,rank 15 of 140
2025-02-28,CIK0000040704,GIS,buy,38.5049,60.6806,2336.50,rank 20 of 140
2025-03-31,CIK0000746838,UIS,buy,46.3547,4.5946,212.98,rank 10 of 138
2025-04-30,CIK0000746838,UIS,sell,46.3547,3.9660,183.84,left the eligible universe
2025-04-30,CIK0001174922,WYNN,buy,27.0955,80.3903,2178.21,rank 15 of 137
2025-05-31,CIK0001687187,METC,sell,999.1434,9.0310,9023.22,"fell to rank 83, outside the top 60"
2025-05-31,CIK0000746838,UIS,buy,1956.9255,4.7748,9343.87,rank 8 of 144
2025-07-31,CIK0000746838,UIS,sell,1956.9255,4.1259,8074.02,left the eligible universe
2025-07-31,CIK0001625297,INDV,buy,416.6895,20.2202,8425.54,rank 1 of 148
2025-08-31,CIK0000899460,MNKD,sell,10.2843,4.5854,47.16,"fell to rank 119, outside the top 60"
2025-08-31,CIK0001374310,CBOE,sell,68.0950,235.7140,16050.94,"fell to rank 79, outside the top 60"
2025-08-31,CIK0001698991,ACEL,sell,27.0090,11.5784,312.72,"fell to rank 66, outside the top 60"
2025-08-31,CIK0001377630,NCMI,sell,2379.2896,4.3856,10434.64,"fell to rank 62, outside the top 60"
2025-08-31,CIK0002039497,RHLD,buy,257.3986,66.1561,17028.48,rank 2 of 157
2025-08-31,CIK0001538716,OPRT,buy,1616.6710,6.6166,10696.88,rank 9 of 157
2025-09-30,CIK0001538716,OPRT,sell,1616.6710,6.1638,9964.89,left the eligible universe
2025-09-30,CIK0001819928,DV,buy,845.7036,11.9920,10141.66,rank 5 of 157
2025-09-30,CIK0000814547,FICO,sell,46.6714,1495.0335,69775.29,end of backtest period
2025-09-30,CIK0000898173,ORLY,sell,266.5993,107.7022,28713.33,end of backtest period
2025-09-30,CIK0000728535,JBHT,sell,41.8290,134.0358,5606.58,end of backtest period
2025-09-30,CIK0000927653,MCK,sell,30.2356,771.7674,23334.88,end of backtest period
2025-09-30,CIK0000014930,BC,sell,71.9542,63.1768,4545.83,end of backtest period
2025-09-30,CIK0000810136,PLAB,sell,406.4089,22.9271,9317.76,end of backtest period
2025-09-30,CIK0000026058,CTS,sell,245.7949,39.9001,9807.23,end of backtest period
2025-09-30,CIK0000078890,BCO,sell,114.3029,116.7431,13344.08,end of backtest period
2025-09-30,CIK0001856485,SLVM,sell,110.8252,44.1758,4895.79,end of backtest period
2025-09-30,CIK0000893538,SM,sell,223.2695,24.9450,5569.46,end of backtest period
2025-09-30,CIK0001232524,JAZZ,sell,55.7750,131.6682,7343.80,end of backtest period
2025-09-30,CIK0001751008,APP,sell,197.6370,717.8214,141868.08,end of backtest period
2025-09-30,CIK0001283699,TMUS,sell,68.3089,239.1406,16335.44,end of backtest period
2025-09-30,CIK0000912766,LAUR,sell,817.0385,31.5085,25743.63,end of backtest period
2025-09-30,CIK0001718512,GTES,sell,726.1820,24.7952,18005.81,end of backtest period
2025-09-30,CIK0001735707,GTX,sell,1267.9877,13.6064,17252.72,end of backtest period
2025-09-30,CIK0001045810,NVDA,sell,101.2747,186.3934,18876.93,end of backtest period
2025-09-30,CIK0001398659,G,sell,382.6957,41.8481,16015.09,end of backtest period
2025-09-30,CIK0001888447,EE,sell,737.2013,25.1648,18551.53,end of backtest period
2025-09-30,CIK0000802481,PPC,sell,293.6060,40.6793,11943.68,end of backtest period
2025-09-30,CIK0001395942,OPLN,sell,900.1441,28.7512,25880.24,end of backtest period
2025-09-30,CIK0000907242,MCRI,sell,55.8561,105.7342,5905.90,end of backtest period
2025-09-30,CIK0000785161,EHC,sell,158.9519,126.8930,20169.89,end of backtest period
2025-09-30,CIK0000040704,GIS,sell,38.5049,50.3696,1939.47,end of backtest period
2025-09-30,CIK0001174922,WYNN,sell,27.0955,128.1417,3472.06,end of backtest period
2025-09-30,CIK0001625297,INDV,sell,416.6895,24.0859,10036.34,end of backtest period
2025-09-30,CIK0002039497,RHLD,sell,257.3986,72.0779,18552.74,end of backtest period
2025-09-30,CIK0001819928,DV,sell,845.7036,11.9680,10121.40,end of backtest period
